business_name,phone,zip_code,email,expected_website
Julia Vikander Decoration,+13129338359,85745,julia@buckinghamid.com,http://www.vikanderdecoration.com
C A L A F I A Home Design,+15104690700,94609,elizabeth@calafiahomedesign.com,http://www.calafiahomedesign.com
Kathryn Ivey Interiors,+15718003084,22314,info@kathrynivey.com,https://www.kathrynivey.com/
Kristine Krupa Interiors,+17197262326,80921,hello@kristinekrupainteriors.com,http://www.kristinekrupainteriors.com
Styled Up Interior Design,+19548955793,33317,styledupdesign@gmail.com,https://ellewatkinsrude.com/
Renu Mathias Interiors,+16468084481,27514,interiors@renumathias.com,http://www.renumathias.com
Missi Smith Design Co.,+18283388425,28792,missi@missismithdesign.com,http://www.missismithdesign.com
DBH design studio,+12152379319,19477,dbh@daniabawadkji.com,http://www.daniabawadkji.com
MC Design Interiors,+19255807902,80238,molly@mcdesigninteriors.com,http://www.mcdesigninteriors.com
Britney Good Interiors,+14342383710,24551,britney@britneygoodinteriors.com,http://www.britneygoodinteriors.com
Torc Construction,+14804697544,85201,tom@torcconstruction.com,http://www.torcconstruction.com
"Buffalo Renovators, Inc",+17165684117,14228,buffalorenovators@gmail.com,http://www.buffalorenovators.com
RIC design build,+18049862355,23221,matthew@ricdesignbuild.com,http://www.ricdesignbuild.com
SunCoast Remodeling,+19493320344,92691,holly.varela@suncoastremodeling.com,http://www.suncoastremodeling.com
Peak Property Services,+17202706180,80228,matt.h@peakproperty.services,http://www.peakpropertysvs.com
DBS Sun Development,+13238773458,91405,dbs@sun-development.com,https://www.sun-development.com/
Richmond Hill Design + Build,+18044003694,23237,lpoe@rhillbuilds.com,http://www.richmondhillbuilds.com
Misskelley Builders,+14087991653,95030,killerygirl@gmail.com,http://www.mbuilders.com
ADU Builders,+18777973485,90028,info@adubuildersca.com,https://www.adubuildersca.com/
Green Star Remodeling,+16617351878,91350,greenstaremodeling@gmail.com,https://greenstarremodeling.com